<?xml version="1.0" encoding="UTF-8"?>
<!-- Copyright ETS-Soft -->
<menus><menu id_menu="1" sort_order="1" enabled="1" id_cms="0" id_manufacturer="0" id_category="0" link_type="HOME" sub_menu_type="FULL" sub_menu_max_width="20" custom_class="" bubble_text_color="#ffffff" bubble_background_color="#FC4444" title="Home" link="http://localhost/prestashop/probusiness/en" bubble_text="" columns="Array" menu_link="http://localhost/ps814/en/"><columns><column id_menu="1" is_breaker="0" column_size="12" sort_order="1" blocks="Array"><blocks><block id_column="1" block_type="HTML" image="" sort_order="1" enabled="1" id_categories="" id_manufacturers="" id_products="" id_cmss="" display_title="0" title="home layout" title_link="" content="&lt;ul&gt;&lt;li&gt;&lt;a href=&quot;http://theme.yourbestcode.com/probusiness17/?YBC_TC_LAYOUT=layouthome1&amp;tc_init=1&quot;&gt;Home page 1&lt;/a&gt;&lt;/li&gt;&#13;&#10;&lt;li&gt;&lt;a href=&quot;http://theme.yourbestcode.com/probusiness/?YBC_TC_LAYOUT=layouthome2&amp;tc_init=1&quot;&gt;Home page 2&lt;/a&gt;&lt;/li&gt;&#13;&#10;&lt;li&gt;&lt;a href=&quot;http://theme.yourbestcode.com/probusiness/?YBC_TC_LAYOUT=layouthome3&amp;tc_init=1&quot;&gt;Home page 3&lt;/a&gt;&lt;/li&gt;&#13;&#10;&lt;/ul&gt;" image_link=""/></blocks></column></columns></menu><menu id_menu="2" sort_order="2" enabled="1" id_cms="0" id_manufacturer="0" id_category="3" link_type="CATEGORY" sub_menu_type="FULL" sub_menu_max_width="100" custom_class="" bubble_text_color="#ffffff" bubble_background_color="#FC4444" title="Fashion" link="" bubble_text="" columns="Array,Array,Array,Array,Array" menu_link="http://localhost/ps814/en/3-clothes"><columns><column id_menu="2" is_breaker="0" column_size="2" sort_order="1" blocks="Array"><blocks><block id_column="2" block_type="CATEGORY" image="" sort_order="1" enabled="1" id_categories="5,6,7,9,10,11" id_manufacturers="" id_products="" id_cmss="" display_title="1" title="category" title_link="" content="" image_link=""/></blocks></column><column id_menu="2" is_breaker="0" column_size="2" sort_order="2" blocks="Array"><blocks><block id_column="3" block_type="CMS" image="" sort_order="1" enabled="1" id_categories="" id_manufacturers="" id_products="" id_cmss="4,1,2,5,3" display_title="1" title="Cms page" title_link="" content="" image_link=""/></blocks></column><column id_menu="2" is_breaker="0" column_size="2" sort_order="3" blocks="Array"><blocks><block id_column="4" block_type="CATEGORY" image="" sort_order="1" enabled="1" id_categories="3,4,5,6,7,8" id_manufacturers="" id_products="" id_cmss="" display_title="1" title="Category" title_link="" content="" image_link=""/></blocks></column><column id_menu="2" is_breaker="0" column_size="2" sort_order="4" blocks="Array"><blocks><block id_column="5" block_type="CATEGORY" image="" sort_order="1" enabled="1" id_categories="5,6,7,8,9,10" id_manufacturers="" id_products="" id_cmss="" display_title="1" title="Category" title_link="" content="" image_link=""/></blocks></column><column id_menu="2" is_breaker="0" column_size="4" sort_order="5" blocks="Array"><blocks><block id_column="6" block_type="PRODUCT" image="" sort_order="1" enabled="1" id_categories="" id_manufacturers="" id_products="1,7" id_cmss="" display_title="1" title="Products" title_link="" content="" image_link=""/></blocks></column></columns></menu><menu id_menu="3" sort_order="3" enabled="1" id_cms="0" id_manufacturer="0" id_category="6" link_type="CATEGORY" sub_menu_type="FULL" sub_menu_max_width="100" custom_class="" bubble_text_color="#ffffff" bubble_background_color="#FC4444" title="Electronics" link="#" bubble_text="" columns="Array,Array,Array,Array,Array" menu_link="http://localhost/ps814/en/6-accessories"><columns><column id_menu="3" is_breaker="0" column_size="2" sort_order="1" blocks="Array"><blocks><block id_column="7" block_type="CATEGORY" image="" sort_order="1" enabled="1" id_categories="3,6,9,10,11" id_manufacturers="" id_products="" id_cmss="" display_title="1" title="Lorem ipsum" title_link="" content="" image_link=""/></blocks></column><column id_menu="3" is_breaker="0" column_size="2" sort_order="2" blocks="Array"><blocks><block id_column="8" block_type="CATEGORY" image="" sort_order="1" enabled="1" id_categories="4,7,8,9,10" id_manufacturers="" id_products="" id_cmss="" display_title="1" title="Lorem ipsum" title_link="" content="" image_link=""/></blocks></column><column id_menu="3" is_breaker="0" column_size="2" sort_order="3" blocks="Array"><blocks><block id_column="9" block_type="CATEGORY" image="" sort_order="1" enabled="1" id_categories="5,6,7,8,9" id_manufacturers="" id_products="" id_cmss="" display_title="1" title="Lorem ipsum" title_link="" content="" image_link=""/></blocks></column><column id_menu="3" is_breaker="0" column_size="2" sort_order="4" blocks="Array"><blocks><block id_column="10" block_type="CATEGORY" image="" sort_order="1" enabled="1" id_categories="4,5,7,8,9" id_manufacturers="" id_products="" id_cmss="" display_title="1" title="Lorem ipsum" title_link="" content="" image_link=""/></blocks></column><column id_menu="3" is_breaker="0" column_size="4" sort_order="5" blocks="Array"><blocks><block id_column="11" block_type="IMAGE" image="570929361d-aa.jpg" sort_order="1" enabled="1" id_categories="" id_manufacturers="" id_products="" id_cmss="" display_title="0" title="image" title_link="" content="" image_link=""/></blocks></column></columns></menu><menu id_menu="4" sort_order="4" enabled="1" id_cms="0" id_manufacturer="0" id_category="5" link_type="CATEGORY" sub_menu_type="FULL" sub_menu_max_width="100" custom_class="" bubble_text_color="#ffffff" bubble_background_color="#FC4444" title="Shoes and Bags" link="#" bubble_text="" columns="" menu_link="http://localhost/ps814/en/5-women"><columns/></menu><menu id_menu="5" sort_order="5" enabled="1" id_cms="0" id_manufacturer="0" id_category="7" link_type="CATEGORY" sub_menu_type="FULL" sub_menu_max_width="100" custom_class="" bubble_text_color="#ffffff" bubble_background_color="#FC4444" title="Accesories" link="#" bubble_text="" columns="" menu_link="http://localhost/ps814/en/7-stationery"><columns/></menu><menu id_menu="6" sort_order="6" enabled="1" id_cms="0" id_manufacturer="0" id_category="11" link_type="CATEGORY" sub_menu_type="FULL" sub_menu_max_width="100" custom_class="" bubble_text_color="#ffffff" bubble_background_color="#FC4444" title="Watches" link="#" bubble_text="" columns="" menu_link="http://localhost/ps814/en/11-"><columns/></menu><menu id_menu="7" sort_order="7" enabled="1" id_cms="0" id_manufacturer="0" id_category="9" link_type="CATEGORY" sub_menu_type="FULL" sub_menu_max_width="100" custom_class="" bubble_text_color="#ffffff" bubble_background_color="#FC4444" title="Jewelry" link="#" bubble_text="" columns="" menu_link="http://localhost/ps814/en/9-art"><columns/></menu></menus>
